{"cameraMode":{"drawMode":0,"name":"Shaded","section":"Shading Mode"},"sceneLighting":true,"audioPlay":false,"sceneViewState":{"m_AlwaysRefresh":false,"showFog":true,"showSkybox":true,"showFlares":true,"showImageEffects":true,"showParticleSystems":true,"showVisualEffectGraphs":true,"m_FxEnabled":true},"in2DMode":false,"pivot":{"x":-6.774836540222168,"y":3.7476654052734377,"z":-48.962852478027347},"rotation":{"x":0.19831842184066773,"y":-0.11292287707328797,"z":0.023008033633232118,"w":0.9733355641365051},"size":6.860793113708496,"orthographic":true}