{"cameraMode":{"drawMode":0,"name":"Shaded","section":"Shading Mode"},"sceneLighting":true,"audioPlay":false,"sceneViewState":{"m_AlwaysRefresh":false,"showFog":true,"showSkybox":true,"showFlares":true,"showImageEffects":true,"showParticleSystems":true,"showVisualEffectGraphs":true,"m_FxEnabled":true},"in2DMode":false,"pivot":{"x":0.5636277794837952,"y":1.6555545330047608,"z":0.6109561324119568},"rotation":{"x":0.002826441079378128,"y":0.9320083260536194,"z":-0.36235979199409487,"w":0.0072707487270236019},"size":19.862707138061525,"orthographic":false}