{"cameraMode":{"drawMode":0,"name":"Shaded","section":"Shading Mode"},"sceneLighting":true,"audioPlay":false,"sceneViewState":{"m_AlwaysRefresh":false,"showFog":true,"showSkybox":true,"showFlares":true,"showImageEffects":true,"showParticleSystems":true,"showVisualEffectGraphs":true,"m_FxEnabled":true},"in2DMode":false,"pivot":{"x":983.2625732421875,"y":568.5972290039063,"z":30.437286376953126},"rotation":{"x":0.05394936352968216,"y":0.02995195798575878,"z":-0.0016179673839360476,"w":0.9980936646461487},"size":127.67513275146485,"orthographic":true}