{"cameraMode":{"drawMode":0,"name":"Shaded","section":"Shading Mode"},"sceneLighting":true,"audioPlay":false,"sceneViewState":{"m_AlwaysRefresh":false,"showFog":true,"showSkybox":true,"showFlares":true,"showImageEffects":true,"showParticleSystems":true,"showVisualEffectGraphs":true,"m_FxEnabled":true},"in2DMode":false,"pivot":{"x":983.2625732421875,"y":568.5972290039063,"z":30.437286376953126},"rotation":{"x":0.02849584072828293,"y":-0.004497870337218046,"z":0.00012931092351209372,"w":0.9995859861373901},"size":65.97235107421875,"orthographic":true}