{"cameraMode":{"drawMode":0,"name":"Shaded","section":"Shading Mode"},"sceneLighting":true,"audioPlay":false,"sceneViewState":{"m_AlwaysRefresh":false,"showFog":true,"showSkybox":true,"showFlares":true,"showImageEffects":true,"showParticleSystems":true,"showVisualEffectGraphs":true,"m_FxEnabled":true},"in2DMode":false,"pivot":{"x":974.2999877929688,"y":566.1314086914063,"z":49.99061965942383},"rotation":{"x":0.02849584072828293,"y":-0.004497870337218046,"z":0.00012931092351209372,"w":0.9995859861373901},"size":66.31739044189453,"orthographic":true}